<?xml version="1.0" encoding="UTF-8"?>
<QCARConfig xmlns:xsi="http://www.w3.org/2001/XMLSchema-instance" xsi:noNamespaceSchemaLocation="qcar_config.xsd">
  <Tracking>
    <ImageTarget name="pichiavo_testing_001" size="0.110000 0.153079" />
    <ImageTarget name="20180802_151100" size="1.000000 0.508311" />
    <ImageTarget name="Your_Scene_EG" size="1.000000 1.000000" />
    <ImageTarget name="2018-08-02v2" size="1.000000 0.571685" />
    <ImageTarget name="VRN_Nico_Marker_Test_v01" size="0.210000 0.295212" />
    <ImageTarget name="testing_batman-v-superman" size="0.200000 0.154800" />
    <ImageTarget name="testing_255757-19" size="0.250000 0.250000" />
  </Tracking>
</QCARConfig>
